country,iso3,year,region_code,region,current_income_group_code,current_income_group,cluster_status,cluster_id,cluster_key,cluster_label,observed_feature_count,imputed_feature_count,pca_x,pca_y,internet_users,mobile_subscriptions,gdp_per_capita,unemployment,labor_force_participation,urban_population,atm_density,bank_branch_density,account_ownership,unbanked_rate,gender_account_gap,income_account_gap
Afghanistan,AFG,2024,MEA,"Middle East, North Africa, Afghanistan & Pakistan",LIC,Low income,missing_account_ownership,,,,6,2,,,16.09499931,60.0990815591219,416.871146273728,13.687,37.547,25.7007352636188,,,,,,
Albania,ALB,2024,ECS,Europe & Central Asia,UMC,Upper middle income,assigned,1,cluster_1,Cluster 1,8,0,-0.3548837856242783,-0.5246220639452037,85.86389923,89.1328603947682,11374.0085781236,10.689,64.006,58.5463634043555,44.7849657180168,17.9848625929919,46.069250627042,53.930749372958,10.294849830124,26.48229764942
Algeria,DZA,2024,MEA,"Middle East, North Africa, Afghanistan & Pakistan",UMC,Upper middle income,assigned,1,cluster_1,Cluster 1,8,0,0.4516612772655405,-1.9159152854639423,77.4178009,115.457278573892,5752.99076651465,11.655,41.161,75.2792907190618,12.0860949385752,4.90863470234879,35.2901069097173,64.70989309028269,33.7919265842922,6.728029272382599
American Samoa,ASM,2024,EAS,East Asia & Pacific,HIC,High income,missing_account_ownership,,,,1,7,,,,,,,,80.9446986961818,,,,,,
Andorra,AND,2024,ECS,Europe & Central Asia,HIC,High income,missing_account_ownership,,,,6,2,,,94.39759827,155.692108667529,49357.437070178,,,88.8850044816278,90.0289477693596,44.3219435172232,,,,
Angola,AGO,2024,SSF,Sub-Saharan Africa,LMC,Lower middle income,missing_account_ownership,,,,8,0,,,40.70479965,69.7039467163584,2720.81900669715,14.02,74.881,70.6551379036435,19.5749109120997,6.81588247654164,,,,
Antigua and Barbuda,ATG,2024,LCN,Latin America & Caribbean,HIC,High income,missing_account_ownership,,,,5,3,,,72.73040009,,23059.8330702839,,,24.3906919254799,58.3801455611629,16.8653753843359,,,,
Argentina,ARG,2024,LCN,Latin America & Caribbean,UMC,Upper middle income,assigned,1,cluster_1,Cluster 1,8,0,-1.5753809231694187,0.16263568894880598,89.66715228,140.234979049333,13969.7836603737,7.15,61.862,92.2742315972952,74.3105429803069,12.3018129639838,81.7442446865007,18.255755313499293,-5.310190189537408,11.7767976385109
Armenia,ARM,2024,ECS,Europe & Central Asia,UMC,Upper middle income,assigned,1,cluster_1,Cluster 1,8,0,-1.0247826495949952,-0.9897353638256907,81.33930206,134.88694751567,8556.21406956719,12.405,59.917,65.8113671449901,71.471050550972,22.6944055433126,71.3734734683257,28.6265265316743,7.578944565043187,12.193979347296604
Aruba,ABW,2024,LCN,Latin America & Caribbean,HIC,High income,missing_account_ownership,,,,4,4,,,,,38590.5650288641,,,61.7909396819594,111.738085926588,10.0564277333929,,,,
Australia,AUS,2024,EAS,East Asia & Pacific,HIC,High income,assigned,1,cluster_1,Cluster 1,8,0,-2.1016623549014706,0.9457369856506089,96.13140106,112.581025002429,64609.9865116088,3.942,66.719,87.6021469990446,105.221393543223,15.4624175561434,98.0103778290099,1.9896221709901027,0.5783299856096988,1.9887048258994042
Austria,AUT,2024,ECS,Europe & Central Asia,HIC,High income,assigned,1,cluster_1,Cluster 1,8,0,-1.8893293094987405,0.2633794037074772,94.91974877,124.45929984531,58268.8787651601,5.2,60.507,69.4658181096788,170.058889305102,10.8859029081619,99.5084974640411,0.4915025359589009,0.6505632601402027,0.5283550421735015
Azerbaijan,AZE,2024,ECS,Europe & Central Asia,UMC,Upper middle income,assigned,1,cluster_1,Cluster 1,8,0,0.11845560908694414,0.29116041138287707,90.43979645,109.543149535867,7294.64276088105,5.648,63.901,58.573795837717,41.4167849794457,6.3554206975118,56.3046655573957,43.6953344426043,20.831118128528807,25.221565121745
"Bahamas, The",BHS,2024,LCN,Latin America & Caribbean,HIC,High income,missing_account_ownership,,,,8,0,,,92.47270203,96.6798992232414,39455.4466548546,9.049,73.999,81.3249262966481,120.825010169944,22.1613712120752,,,,
Bahrain,BHR,2024,MEA,"Middle East, North Africa, Afghanistan & Pakistan",HIC,High income,assigned,1,cluster_1,Cluster 1,8,0,-1.8258821513997483,1.8314895009713608,100.0,159.536143577452,29717.1424605273,1.084,70.569,100.0,31.3632076275321,13.3971232581803,82.3220521049445,17.677947895055496,-1.059645922116701,8.302256670980498
Bangladesh,BGD,2024,SAS,South Asia,LMC,Lower middle income,assigned,2,cluster_2,Cluster 2,8,0,1.9465324059728908,-0.15878709778206876,53.42171316,108.077037369691,2593.41611680774,3.635,58.903,32.6783196323307,15.8652165324821,9.13956167484712,43.2839733431322,56.7160266568678,20.165028136099103,12.642347911367999
Barbados,BRB,2024,LCN,Latin America & Caribbean,HIC,High income,missing_account_ownership,,,,7,1,,,70.36470032,,26897.2002039176,6.448,64.975,59.5397032429174,37.2167038833705,13.2611243722354,,,,
Belarus,BLR,2024,ECS,Europe & Central Asia,UMC,Upper middle income,missing_account_ownership,,,,7,1,,,94.26182128,131.123016605614,8605.60954569694,3.458,63.256,79.1551015210848,55.1328485828307,,,,,
Belgium,BEL,2024,ECS,Europe & Central Asia,HIC,High income,assigned,1,cluster_1,Cluster 1,7,1,-1.637392894562307,-0.09171470215326907,95.77579144,103.90465332676,56581.9375642531,5.7,54.538,87.6126557010527,49.6341137910169,,98.2369093220798,1.7630906779202036,0.6483083769709026,-0.7984501184727009
Belize,BLZ,2024,LCN,Latin America & Caribbean,UMC,Upper middle income,assigned,1,cluster_1,Cluster 1,7,1,0.04822103672162034,-0.8320400027962616,80.00582262,,7681.24400583113,8.698,56.85,41.7532107338224,45.3920534515921,14.3687075674104,67.9682001512007,32.031799848799295,5.8831677509823095,7.005854933118599
Benin,BEN,2024,SSF,Sub-Saharan Africa,LMC,Lower middle income,assigned,2,cluster_2,Cluster 2,8,0,3.2674214628952862,1.7477494562473073,33.98379898,125.940873932186,1485.38018885134,1.637,76.27,52.5455354818423,3.97487218301636,2.51978504459073,51.8432060403598,48.1567939596402,5.960440477313398,17.2112610837804
Bermuda,BMU,2024,NAC,North America,HIC,High income,missing_account_ownership,,,,3,5,,,,96.6767745528807,142250.433195123,,,100.0,,,,,,
Bhutan,BTN,2024,SAS,South Asia,LMC,Lower middle income,missing_account_ownership,,,,8,0,,,91.27739716,99.7576826476519,4228.05102403654,3.282,64.9,42.5645249803412,39.9347625718626,24.5998137442673,,,,
Bolivia,BOL,2024,LCN,Latin America & Caribbean,LMC,Lower middle income,assigned,1,cluster_1,Cluster 1,8,0,-0.6290514349850618,1.189828460844704,79.70469666,98.0287940811943,4421.16609889999,3.274,78.33,71.2361453773988,42.0385242229212,63.4593552065985,56.849052664469,43.150947335531,6.866263723709899,18.819190557932302
Bosnia and Herzegovina,BIH,2024,ECS,Europe & Central Asia,UMC,Upper middle income,assigned,1,cluster_1,Cluster 1,8,0,-0.9369864277947956,-1.7028477230489134,86.10091103,121.232373011893,9397.90942855997,10.69,49.241,52.1224302754935,64.2147789932271,29.2546106901798,77.4588922946912,22.541107705308804,3.5149550342261904,11.762720590014595
Botswana,BWA,2024,SSF,Sub-Saharan Africa,UMC,Upper middle income,assigned,1,cluster_1,Cluster 1,8,0,-0.005279555235489897,-1.4818277197255558,57.45950036,163.999922257361,7649.81663744354,23.81,68.569,67.4623537838418,37.9286847220452,7.94807568905725,61.4384690565565,38.5615309434435,3.863593340102099,19.962413720109893
Brazil,BRA,2024,LCN,Latin America & Caribbean,UMC,Upper middle income,assigned,1,cluster_1,Cluster 1,8,0,-1.2029948536218895,0.06798724584225074,84.46347227,101.926846460424,10310.5486973693,6.801,63.339,87.8958549533146,89.9031894731986,15.8294859679319,86.3811782311541,13.618821768845905,8.577195104344696,13.794666070891097
British Virgin Islands,VGB,2024,LCN,Latin America & Caribbean,HIC,High income,missing_account_ownership,,,,2,6,,,,93.1316662866408,,,,56.5072068980827,,,,,,
Brunei Darussalam,BRN,2024,EAS,East Asia & Pacific,HIC,High income,missing_account_ownership,,,,6,2,,,96.29828801,118.130579766209,33153.4738913513,5.18,64.509,74.8983133873697,,,,,,
Bulgaria,BGR,2024,ECS,Europe & Central Asia,HIC,High income,assigned,1,cluster_1,Cluster 1,8,0,-2.104064177754376,-0.43593887025787204,82.438955,118.067152838789,17596.9167621233,4.2,56.275,73.9499356882481,92.2965995769996,93.8388073544804,84.7243949771558,15.275605022844204,-0.6734904120065011,11.7797513955598
Burkina Faso,BFA,2024,SSF,Sub-Saharan Africa,LIC,Low income,assigned,2,cluster_2,Cluster 2,8,0,3.9540055514050803,0.8210413525489683,28.25270081,116.5895933212,982.493100418428,3.441,70.062,28.3352514896662,4.13720247622148,2.68516845017549,51.4274911911242,48.5725088088758,15.7963293492815,21.4890893248244
Burundi,BDI,2024,SSF,Sub-Saharan Africa,LIC,Low income,missing_account_ownership,,,,5,3,,,8.595999718,,216.231928531758,0.915,78.492,24.8302838651025,,,,,,
Cabo Verde,CPV,2024,SSF,Sub-Saharan Africa,UMC,Upper middle income,missing_account_ownership,,,,8,0,,,74.73519897,111.84067886381,5170.20531932535,11.883,57.034,76.7721471004354,59.3676829970444,34.8017452051639,,,,
Cambodia,KHM,2024,EAS,East Asia & Pacific,LMC,Lower middle income,assigned,2,cluster_2,Cluster 2,8,0,0.9921193785617836,1.9164151029657686,68.47530365,116.091961125929,2627.87969756224,0.254,82.373,40.8727033252729,47.6111762552663,14.0830887702144,39.0314428535,60.9685571465,4.7816870457831016,18.1922046704919
Cameroon,CMR,2024,SSF,Sub-Saharan Africa,LMC,Lower middle income,assigned,2,cluster_2,Cluster 2,6,2,1.2385333304937152,0.2848346356413921,46.25880051,108.213130152497,1830.00833684727,3.603,65.528,55.4031748609078,,,60.8737908565624,39.1262091434376,16.4556644472228,26.6088993108441
Canada,CAN,2024,NAC,North America,HIC,High income,assigned,1,cluster_1,Cluster 1,8,0,-2.1300689713549614,0.3226643281007552,94.353302,94.1059718794246,55015.7066917734,6.351,64.739,82.7002565766633,173.814950716338,18.0374274622657,98.4047126063262,1.5952873936738001,-0.6946293756419948,-0.36086661536630515
Cayman Islands,CYM,2024,LCN,Latin America & Caribbean,HIC,High income,missing_account_ownership,,,,2,6,,,,,104292.900672109,,,100.0,,,,,,
Central African Republic,CAF,2024,SSF,Sub-Saharan Africa,LIC,Low income,missing_account_ownership,,,,5,3,,,13.78250027,,516.160999996036,6.253,73.421,44.1243555638904,,,,,,
Chad,TCD,2024,SSF,Sub-Saharan Africa,LIC,Low income,assigned,2,cluster_2,Cluster 2,6,2,2.891340596486978,-0.2428475193085109,12.62689972,72.9289782617702,980.668312111718,1.053,59.595,26.9315292389497,,,20.8983599359361,79.1016400640639,1.5536106292579,-0.2820272596201008
Channel Islands,CHI,2024,ECS,Europe & Central Asia,HIC,High income,missing_account_ownership,,,,3,5,,,,,,6.031,56.728,32.7056211227456,,,,,,
Chile,CHL,2024,LCN,Latin America & Caribbean,HIC,High income,assigned,1,cluster_1,Cluster 1,8,0,-1.283232973210393,0.08733115439753339,95.590243,132.660408764665,16658.9652720351,8.718,62.295,88.9950908479196,47.1622004347209,8.9023223301198,85.0691778196127,14.930822180387295,3.918895577173089,16.165583859896202
China,CHN,2024,EAS,East Asia & Pacific,UMC,Upper middle income,assigned,1,cluster_1,Cluster 1,8,0,-0.7585433699091257,0.5879017524230843,92.0,131.753932036803,13293.1162269366,4.59,64.91,65.8946980998325,67.8283270265072,8.71645124924044,89.3830319754266,10.616968024573396,0.3529379328074924,11.058340478034609
Colombia,COL,2024,LCN,Latin America & Caribbean,UMC,Upper middle income,assigned,1,cluster_1,Cluster 1,8,0,-0.8594114057033352,-0.032374366861980114,79.34543299,174.094289675393,7951.08624019412,9.619,63.528,78.5210811866115,39.9097074885011,11.8154363387041,57.0594856281374,42.9405143718626,12.668508094984304,23.569104555563904
Comoros,COM,2024,SSF,Sub-Saharan Africa,LMC,Lower middle income,assigned,2,cluster_2,Cluster 2,7,1,3.0813972771978553,-0.2778069521304568,32.51750183,,1857.87060684189,3.815,55.387,33.5392215673301,4.58779572931271,5.13833121683023,45.4593974142566,54.5406025857434,7.7630292454322,17.4095679515626
"Congo, Dem. Rep.",COD,2024,SSF,Sub-Saharan Africa,LIC,Low income,assigned,2,cluster_2,Cluster 2,6,2,2.62440707387569,-0.27415033618553125,19.67350006,58.532153345468,692.887665085098,4.421,64.411,44.7455804408753,,,39.2140115142227,60.7859884857773,11.138303076069704,21.1214251232755
"Congo, Rep.",COG,2024,SSF,Sub-Saharan Africa,LMC,Lower middle income,assigned,2,cluster_2,Cluster 2,6,2,0.9066101100848061,-1.508775338249149,47.25159836,95.5319320614796,2482.2489948456,19.895,67.847,63.8866111699904,,,55.5760387811851,44.4239612188149,9.966999800220101,23.102268661203595
Costa Rica,CRI,2024,LCN,Latin America & Caribbean,HIC,High income,assigned,1,cluster_1,Cluster 1,7,1,-1.2413462969897324,-0.16653814109592785,87.17019653,136.024511151268,18853.2828705886,6.936,57.687,79.3107672397967,,15.100141062685,71.3527070793642,28.647292920635806,6.2378351526917015,14.219737623947601
Cote d'Ivoire,CIV,2024,SSF,Sub-Saharan Africa,LMC,Lower middle income,assigned,2,cluster_2,Cluster 2,8,0,1.9693739032596553,1.1430027295555807,41.43219902,183.875985110648,2727.8935220697,2.273,67.108,53.9733113940142,7.04364240836221,4.19970558633927,57.5676269730853,42.4323730269147,7.385194814198002,23.4014987263049
Croatia,HRV,2024,ECS,Europe & Central Asia,HIC,High income,assigned,1,cluster_1,Cluster 1,8,0,-1.4142375919751589,-0.6366609966682503,83.63240029,121.732525659138,24049.9441746337,5.0,52.356,57.5158981711443,119.50166872647,24.158748216264,92.6404988027313,7.359501197268699,1.2186257344397973,8.3385586619263
Cuba,CUB,2024,LCN,Latin America & Caribbean,UMC,Upper middle income,missing_account_ownership,,,,5,3,,,70.47699738,72.930002350684,,1.755,52.635,77.1664929228275,,,,,,
Curacao,CUW,2024,LCN,Latin America & Caribbean,HIC,High income,missing_account_ownership,,,,2,6,,,,,22832.895498987,,,91.4321812441765,,,,,,
Cyprus,CYP,2024,ECS,Europe & Central Asia,HIC,High income,assigned,1,cluster_1,Cluster 1,8,0,-1.2032366258821068,0.865938229272294,89.60099246,156.218025662252,38674.3125,4.9,67.189,66.6824259192483,29.1233945948032,18.5091453599502,96.1259312935907,3.874068706409304,-3.7647006819831006,3.252221948739688
Czechia,CZE,2024,ECS,Europe & Central Asia,HIC,High income,assigned,1,cluster_1,Cluster 1,8,0,-1.227418217539252,0.5779996701827769,87.68776014,126.600163061009,31827.7552539413,2.6,60.624,72.7947984592185,54.6781359686877,14.6308003873306,92.2832885462025,7.716711453797501,5.307414577435395,11.10060335376329
Denmark,DNK,2024,ECS,Europe & Central Asia,HIC,High income,assigned,1,cluster_1,Cluster 1,8,0,-1.8743719039295597,0.7985027565844689,99.76915157,126.686532566268,71026.4832271897,5.358,65.045,88.6960552688405,33.7777495524745,16.6308778642618,98.6505141065248,1.3494858934752045,1.080056865365009,1.4919320550252024
Djibouti,DJI,2024,MEA,"Middle East, North Africa, Afghanistan & Pakistan",LMC,Lower middle income,missing_account_ownership,,,,7,1,,,65.29889679,,3552.72335079222,26.007,31.773,72.9052635052978,17.6370038837649,8.21449495956173,,,,
Dominica,DMA,2024,LCN,Latin America & Caribbean,UMC,Upper middle income,missing_account_ownership,,,,5,3,,,82.04689789,,10405.2787777582,,,73.5449839980866,34.9444567056573,11.0350915912602,,,,
Dominican Republic,DOM,2024,LCN,Latin America & Caribbean,UMC,Upper middle income,assigned,1,cluster_1,Cluster 1,7,1,-0.47086657729725817,0.37347268508354464,91.0022446,93.7095828968519,10875.6618443092,5.312,64.648,72.4121874752151,,11.1200275271335,64.777963876998,35.222036123002,6.80436515031181,19.678625286491
Ecuador,ECU,2024,LCN,Latin America & Caribbean,UMC,Upper middle income,assigned,1,cluster_1,Cluster 1,8,0,0.1719884225664402,0.5240418908044725,77.17273115,101.598265014024,6826.5294137822,3.453,64.54,63.2376932397602,53.1010541161419,8.03632447860786,64.5052103870577,35.4947896129423,2.085884993592799,13.431721426206295
"Egypt, Arab Rep.",EGY,2024,MEA,"Middle East, North Africa, Afghanistan & Pakistan",LMC,Lower middle income,assigned,2,cluster_2,Cluster 2,8,0,0.9284058791926029,-1.5275529630588296,74.64839935,97.1295066037455,3338.47371043679,6.817,44.596,42.8004363938404,37.0583613111908,6.56435111443811,43.1134368034247,56.8865631965753,5.736751053312503,16.701240946491502
El Salvador,SLV,2024,LCN,Latin America & Caribbean,UMC,Upper middle income,assigned,1,cluster_1,Cluster 1,8,0,-0.46278821795457686,0.5432876324135473,66.47769928,176.517423814642,5503.10317151907,3.261,61.919,75.0674905102199,47.8185488549671,11.5822022676357,43.4036648969414,56.5963351030586,20.256592276501202,31.111811353476998
Equatorial Guinea,GNQ,2024,SSF,Sub-Saharan Africa,UMC,Upper middle income,missing_account_ownership,,,,5,3,,,63.29930115,,7003.58055684906,8.293,60.908,71.3574028749806,,,,,,
Eritrea,ERI,2024,SSF,Sub-Saharan Africa,LIC,Low income,missing_account_ownership,,,,3,5,,,,,,5.947,78.338,34.5365524291992,,,,,,
Estonia,EST,2024,ECS,Europe & Central Asia,HIC,High income,assigned,1,cluster_1,Cluster 1,8,0,-1.0738675138143776,0.522628333231873,92.23796204,151.131825017309,31428.3547816104,7.6,65.449,70.6981161541961,57.1951893834669,6.22062482720486,98.9011091256392,1.098890874360805,-1.8380793993090094,1.4230044255875072
Eswatini,SWZ,2024,SSF,Sub-Saharan Africa,LMC,Lower middle income,assigned,2,cluster_2,Cluster 2,8,0,0.9094754548334607,-4.4589648271532365,63.40309906,139.833459658744,3909.55892378182,34.643,51.202,26.2498461258639,41.7716491229764,6.03636548019891,65.1160267166079,34.883973283392095,-0.5413841556342049,17.738419226394207
Ethiopia,ETH,2024,SSF,Sub-Saharan Africa,LIC,Low income,assigned,2,cluster_2,Cluster 2,6,2,2.847419821326797,0.1160594947150666,21.94129944,65.0825091944922,1133.88279681256,3.357,68.466,23.6222839355469,,,48.8302767819942,51.1697232180058,14.910596055500001,10.415664083335905
Faroe Islands,FRO,2024,ECS,Europe & Central Asia,HIC,High income,missing_account_ownership,,,,2,6,,,,,74175.2776311377,,,39.4132325882965,,,,,,
Fiji,FJI,2024,EAS,East Asia & Pacific,UMC,Upper middle income,missing_account_ownership,,,,8,0,,,74.7052002,574.152332512188,6425.74151715712,5.361,57.219,59.0766602292457,45.4850209555989,10.1898261231698,,,,
Finland,FIN,2024,ECS,Europe & Central Asia,HIC,High income,assigned,1,cluster_1,Cluster 1,8,0,-0.7769144362396871,0.15527883199462073,93.72405196,125.860954798649,53155.5451165897,8.4,59.853,74.2637190463636,33.455866309527,3.78196749585957,99.842681813058,0.15731818694200683,0.3108759098065974,-0.26227037830560107
France,FRA,2024,ECS,Europe & Central Asia,HIC,High income,assigned,1,cluster_1,Cluster 1,6,2,-1.8058035299660995,-0.4273340154476759,88.65381638,,46103.0840855884,7.4,55.663,78.7999750964116,,30.053522644131,99.1902372350206,0.8097627649793964,-1.3592334895547964,0.7947879090363017
French Polynesia,PYF,2024,EAS,East Asia & Pacific,HIC,High income,missing_account_ownership,,,,4,4,,,,,22439.8838746025,11.613,52.799,61.7191984724331,,,,,,
Gabon,GAB,2024,SSF,Sub-Saharan Africa,UMC,Upper middle income,assigned,1,cluster_1,Cluster 1,6,2,-0.8402362703264782,-2.3083097156339054,68.72090149,125.337107593999,8230.04311451151,20.091,51.315,91.8632094677575,,,68.1812562934141,31.818743706585906,8.695998127247606,13.712099553396392
"Gambia, The",GMB,2024,SSF,Sub-Saharan Africa,LIC,Low income,assigned,2,cluster_2,Cluster 2,8,0,1.9605624008108493,-1.122437820429089,49.49430084,126.243773523653,871.340287547821,6.48,47.507,64.2994103409645,8.42859464402224,5.63927555319474,38.1609042069027,61.8390957930973,6.8643971622618025,6.250885111014398
Georgia,GEO,2024,ECS,Europe & Central Asia,UMC,Upper middle income,assigned,1,cluster_1,Cluster 1,8,0,-1.4669492519950347,-0.5957746382472751,83.79855689,161.201784818537,8967.67525638987,11.557,64.345,61.0789605093733,104.958047711577,31.6180104435663,78.8236410959339,21.176358904066106,-5.371401864432599,16.16432638553991
Germany,DEU,2024,ECS,Europe & Central Asia,HIC,High income,assigned,1,cluster_1,Cluster 1,6,2,-1.5303655821742281,0.7068577158307958,93.49999579,129.150921864378,56103.7323182554,3.4,60.921,82.0211432579125,,,98.2983235670699,1.7016764329300997,-1.1947998367427033,-0.42375676389779926
Ghana,GHA,2024,SSF,Sub-Saharan Africa,LMC,Lower middle income,assigned,2,cluster_2,Cluster 2,8,0,1.4089259523261881,0.24912254756884,72.17569733,113.647966704673,2419.2518672482,2.82,59.056,58.3654868038581,10.9656943799015,5.89352036974995,81.2430252454858,18.756974754514204,6.108976967485205,19.453257698684112
Gibraltar,GIB,2024,ECS,Europe & Central Asia,HIC,High income,missing_account_ownership,,,,1,7,,,,,,,,100.0,,,,,,
Greece,GRC,2024,ECS,Europe & Central Asia,HIC,High income,assigned,1,cluster_1,Cluster 1,8,0,-1.4169298476806131,-1.014590724191058,86.26968886,113.597610306796,24626.1481858973,10.02,52.333,78.9967856500534,68.0830031414904,15.2293847040186,88.5519759112244,11.448024088775597,9.1696174756419,14.929157555034607
Greenland,GRL,2024,ECS,Europe & Central Asia,HIC,High income,missing_account_ownership,,,,1,7,,,,,,,,88.3195347935238,,,,,,
Grenada,GRD,2024,LCN,Latin America & Caribbean,UMC,Upper middle income,missing_account_ownership,,,,5,3,,,70.16159821,,11528.9220811928,,,36.5628000454229,43.4225437137924,15.8862964806557,,,,
Guam,GUM,2024,EAS,East Asia & Pacific,HIC,High income,missing_account_ownership,,,,3,5,,,,,,5.252,62.266,94.1726346571831,,,,,,
Guatemala,GTM,2024,LCN,Latin America & Caribbean,UMC,Upper middle income,assigned,1,cluster_1,Cluster 1,8,0,0.30219626950354583,0.08001572625070258,60.22140121,112.520863034346,6150.89465281457,2.613,59.704,55.9547027274763,33.5869958774543,21.9387398603797,38.2819483827324,61.7180516172676,12.148315116995605,16.545210198191402
Guinea,GIN,2024,SSF,Sub-Saharan Africa,LMC,Lower middle income,assigned,2,cluster_2,Cluster 2,7,1,3.4108233153084617,-0.4841963081482089,33.30469894,,1694.95375862185,5.132,52.792,38.0713036688655,2.64911082193881,2.77525895631685,36.0480250155865,63.9519749844135,9.621916306061799,11.216446757426503
Guinea-Bissau,GNB,2024,SSF,Sub-Saharan Africa,LIC,Low income,missing_account_ownership,,,,8,0,,,29.77739906,147.197631273872,998.376093392688,2.647,64.751,46.113204421822,7.19831811668251,4.00731111650366,,,,
Guyana,GUY,2024,LCN,Latin America & Caribbean,HIC,High income,missing_account_ownership,,,,7,1,,,83.00080109,,29675.2501582835,11.874,55.138,26.477717988557,23.270152886603,7.98319113627986,,,,
Haiti,HTI,2024,LCN,Latin America & Caribbean,LMC,Lower middle income,missing_account_ownership,,,,5,3,,,47.8614006,,2060.35591768638,14.609,63.968,55.0372652481002,,,,,,
Honduras,HND,2024,LCN,Latin America & Caribbean,LMC,Lower middle income,assigned,2,cluster_2,Cluster 2,8,0,0.9534681765914146,-0.5407616785703321,58.62269974,70.9397440517258,3415.96027916712,4.91,56.594,58.7850728104829,27.5338974498125,15.9904307723524,42.4429707366343,57.5570292633657,18.706066707242,14.533195511712101
"Hong Kong SAR, China",HKG,2024,EAS,East Asia & Pacific,HIC,High income,assigned,1,cluster_1,Cluster 1,8,0,-3.848748878714642,1.1681668661059033,95.75536971,364.848981963231,54274.7547767073,2.988,56.838,100.0,46.038594302115,17.5540704726129,97.3080247282368,2.691975271763198,1.2433943647292978,5.890954665938295
Hungary,HUN,2024,ECS,Europe & Central Asia,HIC,High income,assigned,1,cluster_1,Cluster 1,8,0,-1.1559743906894744,0.2124018166847536,93.77898628,104.58063059269,23305.4482514359,4.5,60.66,70.491825943218,62.7961973848193,15.6990493462048,86.9605630769545,13.0394369230455,6.831952818815196,13.495302098223206
Iceland,ISL,2024,ECS,Europe & Central Asia,HIC,High income,assigned,1,cluster_1,Cluster 1,8,0,-2.2544910602738515,1.7048175855884224,98.209198,120.927513243653,85863.1479330343,3.6,75.153,94.1819039916522,64.6155973035761,20.4365610076426,99.8548358099717,0.1451641900282965,0.29545597300530346,-0.24187098389700168
India,IND,2024,SAS,South Asia,LMC,Lower middle income,assigned,2,cluster_2,Cluster 2,8,0,1.4250082840108689,-0.6343729122279507,64.9434967,79.3526921826412,2591.9916607122,4.173,55.639,35.3788972368389,24.4668640479183,14.6203740158977,89.0248224502547,10.975177549745297,-0.4429855699755052,4.514489764921294
Indonesia,IDN,2024,EAS,East Asia & Pacific,UMC,Upper middle income,assigned,1,cluster_1,Cluster 1,8,0,0.2552356580534,0.7320891910365388,72.78075544,122.514946500491,4925.43644992666,3.301,67.927,58.7509635387997,45.6370507881167,11.2296187378829,56.3278493718021,43.6721506281979,-3.3920332678465,13.1703379577527
"Iran, Islamic Rep.",IRN,2024,MEA,"Middle East, North Africa, Afghanistan & Pakistan",UMC,Upper middle income,assigned,1,cluster_1,Cluster 1,6,2,-1.0446232112633056,-1.54811821453476,85.3404007,174.066388972063,5190.16959024821,8.146,41.266,77.0201263427734,,,91.0610044635676,8.938995536432401,8.537387666848204,6.9946625716443975
Iraq,IRQ,2024,MEA,"Middle East, North Africa, Afghanistan & Pakistan",UMC,Upper middle income,assigned,1,cluster_1,Cluster 1,7,1,0.11853572104160265,-2.4529737611949027,81.47450256,100.080276677726,6073.61032342708,15.293,41.556,69.8861494108913,,3.32543084021685,30.1610517779513,69.8389482220487,21.968379994560898,16.5597108704401
Ireland,IRL,2024,ECS,Europe & Central Asia,HIC,High income,assigned,1,cluster_1,Cluster 1,7,1,-1.1457733710582065,0.8740044701619014,97.18769836,112.638817343502,112894.953240805,4.3,65.014,64.3470379255585,30.1465748835443,,98.2929182250875,1.7070817749124956,2.7210192590567033,-1.2194042400040956
Isle of Man,IMN,2024,ECS,Europe & Central Asia,HIC,High income,missing_account_ownership,,,,1,7,,,,,,,,52.1633405796294,,,,,,
Israel,ISR,2024,MEA,"Middle East, North Africa, Afghanistan & Pakistan",HIC,High income,assigned,1,cluster_1,Cluster 1,8,0,-2.4860954811746367,1.0760714811074066,88.18242225,177.393104798636,54216.5218142787,3.595,65.494,91.536188843818,133.057274706922,13.6731058708587,89.2691974119826,10.730802588017397,2.3758179769413914,14.862459972809006
Italy,ITA,2024,ECS,Europe & Central Asia,HIC,High income,assigned,1,cluster_1,Cluster 1,8,0,-2.013786199944615,-0.8598324343232269,89.2207202,132.575141676252,40429.6224047352,6.5,49.588,69.6047535143071,85.7185891946666,30.3263975464576,86.0191093278992,13.980890672100799,12.839201945106794,6.478388043712798
Jamaica,JAM,2024,LCN,Latin America & Caribbean,UMC,Upper middle income,missing_account_ownership,,,,8,0,,,90.10870361,117.693907561175,7753.8119527678,3.151,69.443,58.9301585439922,38.9917428485894,6.93186539530478,,,,
Japan,JPN,2024,EAS,East Asia & Pacific,HIC,High income,assigned,1,cluster_1,Cluster 1,7,1,-2.2438205269873404,0.6803700599233891,85.54153081,,33797.1014287876,2.5,63.3,92.1901718034531,107.03894109574,33.7066195651366,98.5235592091779,1.476440790822096,-0.4099743944525045,1.406906141179391
Jordan,JOR,2024,MEA,"Middle East, North Africa, Afghanistan & Pakistan",UMC,Upper middle income,assigned,1,cluster_1,Cluster 1,8,0,-0.7491990064735594,-2.8661314470763637,95.62244985,69.6426153972396,5073.92103605892,16.693,40.006,92.9501393764286,30.3628434703032,11.8105468433005,46.4573138115455,53.5426861884545,19.6962113968481,17.9026190218702
Kazakhstan,KAZ,2024,ECS,Europe & Central Asia,UMC,Upper middle income,assigned,1,cluster_1,Cluster 1,6,2,-0.5826820177837779,0.9385073187390274,93.39167254,127.085151242164,14154.6324958076,4.833,70.587,62.072531584162,,,87.0486447464415,12.951355253558503,2.7582272875948917,6.173267808993003
Kenya,KEN,2024,SSF,Sub-Saharan Africa,LMC,Lower middle income,assigned,2,cluster_2,Cluster 2,8,0,3.007844801912806,0.42276689896151465,34.97622513,126.477706000949,2133.46193404026,5.487,67.418,31.8937831721599,6.4216090145139,4.51953347417295,90.1199173733613,9.880082626638696,7.373974648080505,10.390431711965903
Kiribati,KIR,2024,EAS,East Asia & Pacific,LMC,Lower middle income,missing_account_ownership,,,,4,4,,,89.44029999,53.5244353915461,2550.98377226188,,,62.4620431275642,,,,,,
"Korea, Dem. People's Rep.",PRK,2024,EAS,East Asia & Pacific,LIC,Low income,missing_account_ownership,,,,3,5,,,,,,3.539,82.162,63.8589748211522,,,,,,
"Korea, Rep.",KOR,2024,EAS,East Asia & Pacific,HIC,High income,assigned,1,cluster_1,Cluster 1,7,1,-1.7634720900366658,1.1009196932653738,97.89563777,172.520241179065,36238.639908315,2.784,64.465,81.1682528469686,,12.3936010645014,96.8949448884961,3.1050551115039013,-0.49239393694260514,4.504536581046409
Kosovo,XKX,2024,ECS,Europe & Central Asia,UMC,Upper middle income,insufficient_features,,,,4,4,,,,,7026.6988128325,,,50.3214443938994,52.4358734041121,19.6531305042184,64.1617721717113,35.838227828288694,8.9642001618529,-4.208948606724995
Kuwait,KWT,2024,MEA,"Middle East, North Africa, Afghanistan & Pakistan",HIC,High income,assigned,1,cluster_1,Cluster 1,7,1,-1.709577970588725,1.8184990630535331,99.74729919,,32855.7209688827,2.151,73.559,100.0,58.0428710890204,10.0794481772547,74.4578561430281,25.542143856971904,4.567949123776799,18.089673675924196
Kyrgyz Republic,KGZ,2024,ECS,Europe & Central Asia,LMC,Lower middle income,assigned,2,cluster_2,Cluster 2,8,0,0.7688607834439116,-0.22471752392540006,92.0286026,107.49229509732,2514.81066933171,3.491,57.475,34.7219977865937,51.738306866465,6.64885319557182,72.2642375946654,27.735762405334597,2.1430190946434067,11.11019383351821
Lao PDR,LAO,2024,EAS,East Asia & Pacific,LMC,Lower middle income,assigned,2,cluster_2,Cluster 2,7,1,1.8451814295811826,0.8705567683107983,65.59269714,,2123.97909415109,1.174,65.989,39.5552154401406,28.3029809215782,3.02390154471585,37.6501969468659,62.3498030531341,-11.876523519031903,32.284291813811805
Latvia,LVA,2024,ECS,Europe & Central Asia,HIC,High income,assigned,1,cluster_1,Cluster 1,8,0,-0.6158598000979952,0.1901220710432095,92.70757011,121.262202363304,23578.9663562625,6.9,60.838,68.4839492628509,55.8596095667198,4.44337803371635,94.9733099977296,5.026690002270399,-0.9676668156404986,5.547029110037101
Lebanon,LBN,2024,MEA,"Middle East, North Africa, Afghanistan & Pakistan",LMC,Lower middle income,insufficient_features,,,,5,3,,,80.63400269,,4473.27134441128,,,90.703695784554,32.9476452117294,15.8904719470168,23.0438575680739,76.9561424319261,15.685503322958201,9.136928705427497
Lesotho,LSO,2024,SSF,Sub-Saharan Africa,LMC,Lower middle income,assigned,2,cluster_2,Cluster 2,8,0,2.663769631079705,-1.8417065148509226,51.79660034,70.328049309004,1023.04227681523,16.34,57.421,43.6780334209246,13.7857948817459,3.5281181213947,61.5710444951092,38.4289555048908,2.489340820711597,
Liberia,LBR,2024,SSF,Sub-Saharan Africa,LIC,Low income,insufficient_features,,,,5,3,,,32.23360062,,851.497723870206,2.914,76.611,55.5387986654968,,,52.2139331485699,47.7860668514301,11.851681032351003,15.346680845628605
Libya,LBY,2024,MEA,"Middle East, North Africa, Afghanistan & Pakistan",UMC,Upper middle income,insufficient_features,,,,5,3,,,81.95449829,,6569.16408678648,19.085,48.266,87.8854066107749,,,33.1190908215163,66.8809091784837,16.7246578671461,5.158797809776999
Liechtenstein,LIE,2024,ECS,Europe & Central Asia,HIC,High income,missing_account_ownership,,,,4,4,,,98.2641983,128.901429646351,220167.225473557,,,14.657584904886,,,,,,
Lithuania,LTU,2024,ECS,Europe & Central Asia,HIC,High income,assigned,1,cluster_1,Cluster 1,8,0,-0.9808612411158399,0.3277252056738825,89.16116293,138.728835196967,29603.7772588256,6.851,63.104,68.8285833315315,45.9945001457372,9.62109138088236,98.9947155941499,1.0052844058501051,1.2485641575807023,2.0158735082132893
Luxembourg,LUX,2024,ECS,Europe & Central Asia,HIC,High income,missing_account_ownership,,,,7,1,,,98.7606147,,137781.681659123,6.4,61.764,94.8438702866393,72.1804089755988,46.07632903054,,,,
"Macao SAR, China",MAC,2024,EAS,East Asia & Pacific,HIC,High income,missing_account_ownership,,,,8,0,,,89.82640076,201.136947388589,72004.7437020733,2.262,68.278,100.0,224.706942582219,44.2988855955917,,,,
Madagascar,MDG,2024,SSF,Sub-Saharan Africa,LIC,Low income,assigned,2,cluster_2,Cluster 2,7,1,4.473943366848119,1.9736668121059457,18.67790031,,550.37875528856,3.051,85.475,32.4339893339844,3.01804854834955,2.7141835921164,24.4501397197571,75.5498602802429,8.654542388138601,17.227186514506798
Malawi,MWI,2024,SSF,Sub-Saharan Africa,LIC,Low income,assigned,2,cluster_2,Cluster 2,8,0,4.9979626271068085,-0.13953204823667664,18.96159935,69.260530662121,522.365366146003,5.051,62.926,17.268503531213,3.87838928779533,1.70555673499433,50.3696725002439,49.6303274997561,8.555705755856899,20.477561938281802
Malaysia,MYS,2024,EAS,East Asia & Pacific,UMC,Upper middle income,assigned,1,cluster_1,Cluster 1,8,0,-0.9252628456077167,0.8959259300374355,98.0206059,139.664651283564,11874.4273684245,3.846,66.107,76.9170296648992,52.1737129345502,7.72357928210984,88.6918012421116,11.308198757888405,0.9148877795946078,11.0842260330203
Maldives,MDV,2024,SAS,South Asia,UMC,Upper middle income,missing_account_ownership,,,,8,0,,,85.23999786,148.137074909198,13379.3513577224,4.278,63.204,41.9982152717385,50.6607099097061,14.3735037418236,,,,
Mali,MLI,2024,SSF,Sub-Saharan Africa,LIC,Low income,assigned,2,cluster_2,Cluster 2,7,1,3.5025865511570045,0.6873275545200598,36.80149841,,1093.2523323649,2.924,67.173,31.6075621182225,4.24011232732635,3.64088357265948,54.7454806007539,45.2545193992461,18.580683241771098,15.4173026815062
Malta,MLT,2024,MEA,"Middle East, North Africa, Afghanistan & Pakistan",HIC,High income,assigned,1,cluster_1,Cluster 1,8,0,-2.028048685034113,0.97292823852192,93.86029816,142.070062100751,44023.6341078148,3.1,64.164,95.6546264490509,40.8403502660628,20.6203729284533,96.5581295334766,3.4418704665233975,0.9789289712801974,5.218331950461192
Marshall Islands,MHL,2024,EAS,East Asia & Pacific,UMC,Upper middle income,missing_account_ownership,,,,5,3,,,65.915802,,7590.28443592202,,,78.7325660244112,12.1936349225704,32.5163597935211,,,,
Mauritania,MRT,2024,SSF,Sub-Saharan Africa,LMC,Lower middle income,assigned,2,cluster_2,Cluster 2,8,0,1.4929236676009336,-2.2476860598817083,45.77939987,92.0748946443443,2104.54260769051,10.257,40.896,60.6068586411829,11.1430620594269,12.3249019748207,27.3142609920985,72.6857390079015,5.585762835108998,4.9820977985746
Mauritius,MUS,2024,SSF,Sub-Saharan Africa,UMC,Upper middle income,assigned,1,cluster_1,Cluster 1,8,0,-0.16588423090326948,-0.11611294682413587,73.30793533,172.68356921857,11990.9355434317,5.548,58.664,39.0162147027917,40.1690642285629,14.1663521177298,89.5984480347546,10.401551965245403,4.340434505665499,5.439969200547097
Mexico,MEX,2024,LCN,Latin America & Caribbean,UMC,Upper middle income,assigned,1,cluster_1,Cluster 1,8,0,-0.9492361710450934,0.5552123299801018,83.12233799,116.486713265167,13988.0423745241,2.678,61.635,79.7538805976118,69.9743409195725,12.0399677530508,53.0320833316729,46.9679166683271,11.737063355372698,22.3666324936488
"Micronesia, Fed. Sts.",FSM,2024,EAS,East Asia & Pacific,UMC,Upper middle income,missing_account_ownership,,,,5,3,,,39.52360153,,4251.69052668788,,,22.4562830235421,12.9666368434019,12.9666368434019,,,,
Moldova,MDA,2024,ECS,Europe & Central Asia,UMC,Upper middle income,assigned,1,cluster_1,Cluster 1,8,0,-0.22029913476874158,1.0370661567995416,77.3687973,120.083487069521,7578.90216348853,1.427,72.159,43.516471862793,68.4070905436459,28.3333715981691,55.544249263449,44.455750736551,2.142971099500997,19.9889129393826
Monaco,MCO,2024,ECS,Europe & Central Asia,HIC,High income,missing_account_ownership,,,,4,4,,,99.04489899,107.400792109963,288001.574856495,,,100.0,,,,,,
Mongolia,MNG,2024,EAS,East Asia & Pacific,UMC,Upper middle income,assigned,1,cluster_1,Cluster 1,8,0,-1.0956385279088074,-0.1277587005226158,85.12349701,140.670025377351,6750.6301157724,5.158,60.312,70.9566040039062,25.2296821562131,58.9947791712446,98.2787007982729,1.7212992017271063,-1.4652914720391976,1.4695671226652962
Montenegro,MNE,2024,ECS,Europe & Central Asia,UMC,Upper middle income,assigned,1,cluster_1,Cluster 1,8,0,-2.2806626723926082,-1.0011645839969252,88.88258428,221.687322527444,13270.1824401005,13.206,58.234,65.5422314706266,88.6930983847283,36.4170337738619,75.4116297013886,24.588370298611395,4.193059206950508,14.495501508126608
Morocco,MAR,2024,MEA,"Middle East, North Africa, Afghanistan & Pakistan",LMC,Lower middle income,assigned,1,cluster_1,Cluster 1,8,0,-0.6978065092997429,-1.6845168557558599,91.2,153.057260079672,4153.1943359375,9.103,44.129,62.7998124018197,28.4570615815191,20.2154954155846,44.3863291468524,55.6136708531476,19.948272339191895,5.244110711999099
Mozambique,MOZ,2024,SSF,Sub-Saharan Africa,LIC,Low income,assigned,2,cluster_2,Cluster 2,8,0,4.281467580382526,0.7726729360305913,20.52729988,49.5047696961223,656.976148587772,6.668,78.783,36.4332337447237,7.28629772446997,3.4897257481223,54.38528750107,45.61471249893,17.866632903115104,31.771203601580403
Myanmar,MMR,2024,EAS,East Asia & Pacific,LMC,Lower middle income,missing_account_ownership,,,,5,3,,,,114.329042129489,1359.05001560107,2.887,55.129,30.4499084074136,,,,,,
Namibia,NAM,2024,SSF,Sub-Saharan Africa,LMC,Lower middle income,assigned,1,cluster_1,Cluster 1,8,0,0.6206643764614235,-2.0553287108287805,64.87460327,85.1648988113055,4501.84849548225,19.157,58.871,50.4088030252155,67.2393532453985,7.90743172901493,72.9187672893525,27.081232710647498,-4.378947156027209,21.595490219207505
Naoero,NRU,2024,EAS,East Asia & Pacific,HIC,High income,missing_account_ownership,,,,4,4,,,83.01170349,,14048.163961344,,,100.0,134.517083669626,,,,,
Nepal,NPL,2024,SAS,South Asia,LMC,Lower middle income,assigned,2,cluster_2,Cluster 2,8,0,0.746795128524298,-2.566726394897415,46.32189941,99.8471420273964,1460.28237984149,10.5,39.313,66.772343163029,24.4704593538272,23.8248878284133,59.9911157064883,40.0088842935117,0.44925606500390103,11.630817175445799
Netherlands,NLD,2024,ECS,Europe & Central Asia,HIC,High income,assigned,1,cluster_1,Cluster 1,8,0,-1.2609946278765696,1.4643289192444024,97.00679779,128.538765867661,67465.3208126875,3.7,67.462,95.6396517079336,32.7720104663769,3.96324852177697,99.171512250031,0.8284877499689998,-0.16751219749490076,1.516506956620006
New Caledonia,NCL,2024,EAS,East Asia & Pacific,HIC,High income,missing_account_ownership,,,,4,4,,,,,29213.1923192946,10.991,56.883,67.9514695585577,,,,,,
New Zealand,NZL,2024,EAS,East Asia & Pacific,HIC,High income,assigned,1,cluster_1,Cluster 1,8,0,-1.464552697700944,1.2258900386370555,93.51930237,130.093457083544,49432.3626396797,4.724,70.553,83.9370658833132,35.2989486952771,14.7098016921991,97.8647563722742,2.1352436277257993,-1.3718220767541993,1.758763078225698
Nicaragua,NIC,2024,LCN,Latin America & Caribbean,LMC,Lower middle income,assigned,2,cluster_2,Cluster 2,8,0,1.1000537996701163,0.33759441434831566,61.39550018,105.961143065351,2847.87639497305,4.98,66.033,59.2628402709961,24.0707786430088,9.3766439570574,23.470592686629,76.529407313371,4.7253683748105,6.4629686335978
Niger,NER,2024,SSF,Sub-Saharan Africa,LIC,Low income,assigned,2,cluster_2,Cluster 2,8,0,5.580544003580579,1.7634053369038254,15.55760002,60.5939862118112,729.856664168989,0.376,79.561,18.0497398450803,1.39937331629238,1.46172163236481,14.8268991865027,85.1731008134973,5.410909802824898,-4.453243395502602
Nigeria,NGA,2024,SSF,Sub-Saharan Africa,LMC,Lower middle income,assigned,2,cluster_2,Cluster 2,8,0,2.8859342686405007,1.7818570969580851,41.21139908,70.7619057835431,1084.16041805058,3.045,82.566,62.9755675573659,12.8285394265964,3.2809060622459,63.2613514491542,36.7386485508458,22.0872881375578,27.532598200544207
North Macedonia,MKD,2024,ECS,Europe & Central Asia,UMC,Upper middle income,assigned,1,cluster_1,Cluster 1,8,0,-1.1525574779722638,-1.6245334460148448,93.6,108.38712260883,9291.8566035502,12.265,52.202,62.5645376928533,69.8336670725203,25.2903866343325,84.2548648905347,15.745135109465295,14.357589781818604,9.755698764702402
Northern Mariana Islands,MNP,2024,EAS,East Asia & Pacific,HIC,High income,missing_account_ownership,,,,1,7,,,,,,,,92.0747260922394,,,,,,
Norway,NOR,2024,ECS,Europe & Central Asia,HIC,High income,assigned,1,cluster_1,Cluster 1,7,1,-1.3568935853934407,1.0680235810617438,99.0,109.348606513576,89888.9535204758,4.0,65.834,83.3293737928469,24.1746001394803,,98.5561571037813,1.4438428962186975,1.447053636280799,1.3883332358572034
Oman,OMN,2024,MEA,"Middle East, North Africa, Afghanistan & Pakistan",HIC,High income,assigned,1,cluster_1,Cluster 1,6,2,-1.0472651929032866,1.1056482541751085,95.25174678,120.61105087402,20285.2272765262,3.203,68.289,79.4440302814714,,,69.5361597212358,30.463840278764195,3.625124165590904,3.5349016158078115
Pakistan,PAK,2024,MEA,"Middle East, North Africa, Afghanistan & Pakistan",LMC,Lower middle income,assigned,2,cluster_2,Cluster 2,8,0,2.091571762947604,-1.0044621815766615,57.253,76.8544559649986,1479.47755241191,5.492,52.308,39.1734368360905,12.0522028967929,11.150833388396,27.2960071761925,72.7039928238075,30.3813738977738,22.799908694330103
Palau,PLW,2024,EAS,East Asia & Pacific,HIC,High income,missing_account_ownership,,,,3,5,,,83.92549896,,18169.0767165866,,,79.2095042878667,,,,,,
Panama,PAN,2024,LCN,Latin America & Caribbean,HIC,High income,assigned,1,cluster_1,Cluster 1,7,1,-0.8173938315416207,0.06802341707384302,72.77149963,,19161.218843129,8.451,66.319,65.9958447685488,72.5358167709885,17.7211487314488,64.0952131164981,35.9047868835019,12.272756994234705,31.0340006528102
Papua New Guinea,PNG,2024,EAS,East Asia & Pacific,LMC,Lower middle income,missing_account_ownership,,,,6,2,,,18.81159973,38.7651796406789,2912.4914068385,2.625,51.96,15.4061816403333,,,,,,
Paraguay,PRY,2024,LCN,Latin America & Caribbean,UMC,Upper middle income,assigned,1,cluster_1,Cluster 1,7,1,0.10056261744876314,0.8036861530921703,81.57806793,,6456.60723068562,5.686,70.27,69.8622585886961,28.3736559900344,8.87181978605778,60.9167610080401,39.0832389919599,1.6577638009352995,18.0579498861687
Peru,PER,2024,LCN,Latin America & Caribbean,UMC,Upper middle income,assigned,1,cluster_1,Cluster 1,8,0,-0.71047920918002,1.16481154993685,81.95705992,124.623544414599,8526.29665719783,5.199,72.808,85.1912729600355,135.033886471288,4.48959804720935,59.3098978248017,40.6901021751983,6.2997089333883025,24.433661224111802
Philippines,PHL,2024,EAS,East Asia & Pacific,UMC,Upper middle income,assigned,2,cluster_2,Cluster 2,8,0,0.8706398282129038,0.4108377730256276,67.26300914,115.298749599352,3985.29464669706,2.202,61.402,55.4520983215477,27.8445692139854,8.08637788193146,50.1824221429254,49.8175778570746,-14.059210956266199,26.245008858374
Poland,POL,2024,ECS,Europe & Central Asia,HIC,High income,assigned,1,cluster_1,Cluster 1,8,0,-1.2814583060111286,0.24886628358255453,88.58496367,138.016156588197,25103.565661423,2.807,58.656,59.9705468695101,66.6003136036366,21.3277702596477,86.1367117566539,13.863288243346105,-0.4053715739024,10.080401744442412
Portugal,PRT,2024,ECS,Europe & Central Asia,HIC,High income,assigned,1,cluster_1,Cluster 1,8,0,-1.8292965036412743,-0.36531658293887487,88.48704454,124.129981203404,29328.3067415343,6.5,58.443,61.3281907341332,157.795894091896,28.3443218929077,91.3973440748621,8.602655925137896,6.591382449521504,6.161002795740302
Puerto Rico (US),PRI,2024,LCN,Latin America & Caribbean,HIC,High income,missing_account_ownership,,,,5,3,,,,126.426375391555,39353.2242360643,5.639,42.615,94.2539505199436,,,,,,
Qatar,QAT,2024,MEA,"Middle East, North Africa, Afghanistan & Pakistan",HIC,High income,missing_account_ownership,,,,6,2,,,98.08540344,153.612474384296,75685.0865779973,0.13,87.22,99.3219891728394,,,,,,
Romania,ROU,2024,ECS,Europe & Central Asia,HIC,High income,assigned,1,cluster_1,Cluster 1,8,0,-1.035191808733609,-0.717473277798971,91.29048551,119.804862328273,20080.2096215595,5.4,51.461,52.1674778928768,63.7239618833398,20.7622398754838,71.3366719002898,28.6633280997102,3.096399910091108,26.536862701888907
Russian Federation,RUS,2024,ECS,Europe & Central Asia,HIC,High income,assigned,1,cluster_1,Cluster 1,8,0,-2.0875679433907575,0.6538756208000146,94.36495368,186.103787309059,14961.8974609375,2.43,61.824,75.1119136177067,115.468593957376,21.2458843994804,79.3421267068262,20.657873293173793,4.382230010752096,14.526254164764495
Rwanda,RWA,2024,SSF,Sub-Saharan Africa,LIC,Low income,missing_account_ownership,,,,8,0,,,31.70330048,93.201462876722,1059.93709298801,11.331,63.521,29.8849714294083,3.53855456764686,4.74793397684262,,,,
Samoa,WSM,2024,EAS,East Asia & Pacific,UMC,Upper middle income,missing_account_ownership,,,,6,2,,,,,5392.87761915762,4.855,43.084,17.5029115108018,66.3387000596302,23.8521168753726,,,,
San Marino,SMR,2024,ECS,Europe & Central Asia,HIC,High income,missing_account_ownership,,,,4,4,,,97.35220337,,,,,97.1560555881096,134.174158057158,120.756742251442,,,,
Sao Tome and Principe,STP,2024,SSF,Sub-Saharan Africa,LMC,Lower middle income,missing_account_ownership,,,,8,0,,,59.11759949,62.4367400312479,3502.6176807171,9.057,23.391,68.8710170184884,30.7299384718343,12.97486291033,,,,
Saudi Arabia,SAU,2024,MEA,"Middle East, North Africa, Afghanistan & Pakistan",HIC,High income,assigned,1,cluster_1,Cluster 1,8,0,-1.6210183506427236,1.1227042415104498,100.0,159.541370566589,35527.786181866,3.518,65.201,84.4554020211443,56.0570341184491,7.18794341299914,78.8409517231945,21.159048276805507,8.350863961740501,7.048593394651107
Senegal,SEN,2024,SSF,Sub-Saharan Africa,LMC,Lower middle income,assigned,2,cluster_2,Cluster 2,8,0,1.9517189147653946,-0.2661052344835356,60.11780167,123.894453697506,1738.73223822106,2.788,51.85,55.2368169057304,6.27760166589012,5.27213621801078,76.4609257473503,23.539074252649698,6.018121318020604,12.442452268764
Serbia,SRB,2024,ECS,Europe & Central Asia,UMC,Upper middle income,assigned,1,cluster_1,Cluster 1,8,0,-1.036648470190704,-0.3775194731500868,87.69071294,123.822194984291,13677.7794863909,7.24,59.162,62.3830029804177,57.0111993877231,23.9702152801707,83.2544458500274,16.745554149972605,4.5928737201112995,13.511646955221906
Seychelles,SYC,2024,SSF,Sub-Saharan Africa,HIC,High income,missing_account_ownership,,,,6,2,,,87.81800079,125.616862703001,18364.5259678223,,,45.2898622460415,76.1771427394947,31.9120462827613,,,,
Sierra Leone,SLE,2024,SSF,Sub-Saharan Africa,LIC,Low income,assigned,2,cluster_2,Cluster 2,7,1,3.6939594395196687,-0.2216090612266698,25.10499954,,806.654650274255,3.103,53.584,45.3626823156371,3.47638534423223,2.13068779162621,38.6205210606339,61.3794789393661,5.544311553943402,18.602072292473796
Singapore,SGP,2024,EAS,East Asia & Pacific,HIC,High income,assigned,1,cluster_1,Cluster 1,8,0,-2.0120190614655318,1.8057122694566012,94.37757178,170.78256295407,94896.5621495988,2.737,69.202,100.0,47.0046890272186,5.88965377276402,97.9718288419762,2.0281711580237953,0.7150848704779946,3.687658430768707
Sint Maarten (Dutch part),SXM,2024,LCN,Latin America & Caribbean,HIC,High income,missing_account_ownership,,,,2,6,,,,,41472.5870367865,,,100.0,,,,,,
Slovak Republic,SVK,2024,ECS,Europe & Central Asia,HIC,High income,assigned,1,cluster_1,Cluster 1,8,0,-1.1843516859773422,0.08054513006556752,89.82507032,139.967676092657,25992.6748502048,5.3,60.798,53.1919702985684,71.7462516579142,19.3541917807739,92.2151184719611,7.784881528038895,2.3136341401382055,8.668115636223007
Slovenia,SVN,2024,ECS,Europe & Central Asia,HIC,High income,assigned,1,cluster_1,Cluster 1,8,0,-1.2668295213855683,0.10402608656068006,90.76355487,130.86090177123,34301.0318686594,3.7,57.953,55.7577708405917,70.8047756828607,18.5834964214362,98.7472573239817,1.2527426760183005,-0.4034232739046928,1.106164130580808
Solomon Islands,SLB,2024,EAS,East Asia & Pacific,LMC,Lower middle income,missing_account_ownership,,,,7,1,,,29.04070091,,1933.55538435227,1.444,84.276,30.6617188562194,11.6202952329675,3.48608856989026,,,,
"Somalia, Fed. Rep.",SOM,2024,SSF,Sub-Saharan Africa,LIC,Low income,missing_account_ownership,,,,5,3,,,27.94020081,,629.538899449007,18.949,33.9,54.6176465524521,,,,,,
South Africa,ZAF,2024,SSF,Sub-Saharan Africa,UMC,Upper middle income,assigned,1,cluster_1,Cluster 1,8,0,-0.674725434276541,-3.4763663528869717,78.35759735,179.336329840585,6267.186814093,32.279,55.57,63.6917984858172,45.9614854387842,7.97854624774345,81.1259662052011,18.874033794798905,0.2863280503921999,10.631334465210898
South Sudan,SSD,2024,SSF,Sub-Saharan Africa,LIC,Low income,missing_account_ownership,,,,3,5,,,,,,,,21.3768190444906,0.959517149038783,1.69971609258298,,,,
Spain,ESP,2024,ECS,Europe & Central Asia,HIC,High income,assigned,1,cluster_1,Cluster 1,8,0,-2.2719417804980253,-0.8131333331164379,95.7574516,130.260997343256,35326.7683069278,11.4,57.843,80.315199821207,84.1827291806449,31.3267610350245,98.3807416463989,1.6192583536010972,1.1828463790658077,-0.6267777480287009
Sri Lanka,LKA,2024,SAS,South Asia,UMC,Upper middle income,assigned,2,cluster_2,Cluster 2,7,1,0.9468923112953176,-1.124737033853987,54.59,132.548743018664,4545.36006870612,4.239,48.6,20.2996997058686,,17.3281096583173,81.6921293527248,18.307870647275195,3.1814457405805,2.5103745733711946
St. Kitts and Nevis,KNA,2024,LCN,Latin America & Caribbean,HIC,High income,missing_account_ownership,,,,5,3,,,76.88400269,,23960.6534357084,,,31.795061903951,125.251154659082,33.922187720168,,,,
St. Lucia,LCA,2024,LCN,Latin America & Caribbean,UMC,Upper middle income,missing_account_ownership,,,,7,1,,,68.20500183,,14493.658470648,10.199,68.23,29.0973354237452,45.87713025057,14.8426009634197,,,,
St. Martin (French part),MAF,2024,LCN,Latin America & Caribbean,HIC,High income,missing_account_ownership,,,,1,7,,,,,,,,100.0,,,,,,
St. Vincent and the Grenadines,VCT,2024,LCN,Latin America & Caribbean,UMC,Upper middle income,missing_account_ownership,,,,8,0,,,76.19010162,108.354536057883,11501.2265187188,18.093,68.037,47.8487050456749,37.881657701341,17.6781069272924,,,,
Sudan,SDN,2024,SSF,Sub-Saharan Africa,LIC,Low income,missing_account_ownership,,,,2,6,,,,,984.607666015625,,,34.8673015510839,,,,,,
Suriname,SUR,2024,LCN,Latin America & Caribbean,UMC,Upper middle income,missing_account_ownership,,,,7,1,,,,142.122626416427,6961.78956060258,7.621,53.835,65.7641857200885,18.8652049312373,9.9625239524512,,,,
Sweden,SWE,2024,ECS,Europe & Central Asia,HIC,High income,assigned,1,cluster_1,Cluster 1,7,1,-1.7535854059041611,0.46843488904518,95.52930428,140.686673016562,57222.7100565003,8.4,64.735,88.8559748346228,,10.165982457298,98.5654945145745,1.434505485425504,1.8960146504384028,3.244374114735791
Switzerland,CHE,2024,ECS,Europe & Central Asia,HIC,High income,assigned,1,cluster_1,Cluster 1,8,0,-2.601744879893617,0.9169838842376177,97.3443985,129.471369643132,107702.065940312,4.343,67.103,85.4615370020764,80.2766368306034,32.2121718799843,98.412309687795,1.5876903122049981,1.619010154056994,0.21697510755849692
Syrian Arab Republic,SYR,2024,MEA,"Middle East, North Africa, Afghanistan & Pakistan",LIC,Low income,missing_account_ownership,,,,4,4,,,,71.2231424453527,,13.359,36.989,72.0761345758254,,,,,,
Tajikistan,TJK,2024,ECS,Europe & Central Asia,LMC,Lower middle income,assigned,2,cluster_2,Cluster 2,7,1,1.801750488947549,-2.1269642408872578,55.79339981,,1362.02559981695,7.041,38.347,26.1788063651548,47.3781887846603,3.87854723495056,54.5193771390539,45.4806228609461,15.655236198267701,7.5864058790306
Tanzania,TZA,2024,SSF,Sub-Saharan Africa,LMC,Lower middle income,assigned,2,cluster_2,Cluster 2,8,0,3.6784574414715916,2.159779149652053,31.16209984,126.559163217786,1192.60668945313,1.557,83.749,36.1684458862992,5.51813960212944,2.44432770784298,59.8275253090773,40.1724746909227,10.401615115732902,14.944751351325301
Thailand,THA,2024,EAS,East Asia & Pacific,UMC,Upper middle income,assigned,1,cluster_1,Cluster 1,8,0,-0.7175360087564105,1.1922246409946344,90.86718789,160.639312286761,7386.63615126055,0.781,67.129,61.8689338391321,93.0302183963717,8.01998751107904,91.8249814693343,8.175018530665696,-1.7818237640449013,1.064457831059002
Timor-Leste,TLS,2024,EAS,East Asia & Pacific,LMC,Lower middle income,missing_account_ownership,,,,5,3,,,,116.382391453038,1331.9705130185,1.523,66.763,28.6641074179574,,,,,,
Togo,TGO,2024,SSF,Sub-Saharan Africa,LMC,Lower middle income,assigned,2,cluster_2,Cluster 2,8,0,3.0986677077483504,0.03727725920643732,39.48320007,80.8035554767112,1266.08777721447,1.948,57.886,43.8148491605996,6.93399084018072,4.37936263590361,57.4329534151865,42.5670465848135,24.65050030116671,22.946793788554395
Tonga,TON,2024,EAS,East Asia & Pacific,UMC,Upper middle income,missing_account_ownership,,,,5,3,,,67.4417038,,6215.38990974121,1.965,50.196,21.1505271125521,,,,,,
Trinidad and Tobago,TTO,2024,LCN,Latin America & Caribbean,HIC,High income,assigned,1,cluster_1,Cluster 1,8,0,-0.2904320032911917,0.17221875457702254,82.15989685,118.786668099235,18733.4110406494,3.318,58.153,53.961056681951,44.3432182868233,10.4859714586075,74.5920641469519,25.4079358530481,2.577256514478208,1.0304931763697027
Tunisia,TUN,2024,MEA,"Middle East, North Africa, Afghanistan & Pakistan",LMC,Lower middle income,assigned,1,cluster_1,Cluster 1,8,0,-0.50706646738966,-2.4753296681687944,76.5,117.606816067203,4187.64079392362,15.341,45.486,70.3585355691955,35.4392466763508,22.3680086435304,37.8444860328559,62.1555139671441,22.959100927257698,26.959209228977397
Turkiye,TUR,2024,ECS,Europe & Central Asia,UMC,Upper middle income,assigned,1,cluster_1,Cluster 1,8,0,-1.4617032050996253,-0.7317345129212904,87.3078767,107.826875714392,15892.7157287241,8.8,54.2,89.3443122873887,81.0946316413758,13.6983772737341,81.5545478352063,18.445452164793707,19.940533078852596,10.019967272839295
Turkmenistan,TKM,2024,ECS,Europe & Central Asia,UMC,Upper middle income,missing_account_ownership,,,,4,4,,,,,5904.25772576512,4.02,42.169,47.0875253910294,,,,,,
Turks and Caicos Islands,TCA,2024,LCN,Latin America & Caribbean,HIC,High income,missing_account_ownership,,,,2,6,,,,,37506.7798431288,,,94.1670917861964,,,,,,
Tuvalu,TUV,2024,EAS,East Asia & Pacific,UMC,Upper middle income,missing_account_ownership,,,,2,6,,,,,5883.50257114002,,,64.7254793441291,,,,,,
Uganda,UGA,2024,SSF,Sub-Saharan Africa,LIC,Low income,assigned,2,cluster_2,Cluster 2,8,0,4.7215306360241005,1.5834413427604332,8.949831061,83.165031466902,1077.91278438613,2.74,79.972,31.2777698213557,3.6087387716519,2.0823733049375,72.8273757556063,27.172624244393702,13.900770409479208,9.871844822911996
Ukraine,UKR,2024,ECS,Europe & Central Asia,UMC,Upper middle income,insufficient_features,,,,5,3,,,82.47489929,,5391.62255859375,,,69.5315643200148,89.0252350224489,15.5481296971056,87.581225854266,12.418774145734005,7.631825150564595,10.088127775045194
United Arab Emirates,ARE,2024,MEA,"Middle East, North Africa, Afghanistan & Pakistan",HIC,High income,missing_account_ownership,,,,6,2,,,100.0,203.206410299544,50273.5126243239,2.16,78.484,85.8171088279791,,,,,,
United Kingdom,GBR,2024,ECS,Europe & Central Asia,HIC,High income,assigned,1,cluster_1,Cluster 1,7,1,-1.7741877403191175,0.5690993114408642,95.4720993,121.643331373201,53341.3131094262,4.361,61.556,83.2429544416085,77.7418528826704,,99.2843092777584,0.7156907222416038,0.03157601728020154,-1.192671599912103
United States,USA,2024,NAC,North America,HIC,High income,assigned,1,cluster_1,Cluster 1,7,1,-1.9278457119579842,0.5580494846855166,94.69380188,113.190481805755,86169.6641581917,4.022,61.959,80.1247798047184,,25.7293876693086,97.0230983290589,2.9769016709411034,-0.17235886567350178,2.406027871745394
Uruguay,URY,2024,LCN,Latin America & Caribbean,HIC,High income,assigned,1,cluster_1,Cluster 1,8,0,-2.3703605831676016,0.3116464100122923,91.99109007,145.501755749445,24308.4954958447,8.209,65.018,95.5981951588181,306.460239675036,8.60112465125692,73.7451275567861,26.2548724432139,0.9607378017228996,18.147847432415197
Uzbekistan,UZB,2024,ECS,Europe & Central Asia,LMC,Lower middle income,assigned,1,cluster_1,Cluster 1,8,0,-1.0363064290198973,-0.6490893974745279,89.50550079,110.492018573638,3337.45492058664,4.439,57.701,50.9986686706543,119.387311454747,56.6140706263225,59.6583830145186,40.3416169854814,-2.1641294243477063,-3.4017425532203944
Vanuatu,VUT,2024,EAS,East Asia & Pacific,LMC,Lower middle income,missing_account_ownership,,,,4,4,,,,,3959.87703462363,4.988,58.345,22.2866933360645,,,,,,
"Venezuela, RB",VEN,2024,LCN,Latin America & Caribbean,LMC,Lower middle income,assigned,1,cluster_1,Cluster 1,6,2,-0.19484512528572354,-0.6690193835813385,76.67890167,71.0075917225029,4244.45723136019,5.321,52.05,89.285859883201,,,87.3184627954851,12.681537204514896,-0.7732971225632923,4.818740860748406
Viet Nam,VNM,2024,EAS,East Asia & Pacific,UMC,Upper middle income,assigned,2,cluster_2,Cluster 2,8,0,1.2718950998220875,1.4875058754183068,84.15,127.606471743496,4716.6599379632,1.602,73.134,38.4900703430176,27.2434250522194,3.09669381955115,70.5507533567583,29.449246643241693,1.3649159212098994,37.377055931901396
Virgin Islands (U.S.),VIR,2024,LCN,Latin America & Caribbean,HIC,High income,missing_account_ownership,,,,3,5,,,,,,11.423,54.471,95.3312197036061,,,,,,
West Bank and Gaza,PSE,2024,MEA,"Middle East, North Africa, Afghanistan & Pakistan",LMC,Lower middle income,insufficient_features,,,,4,4,,,,,3028.25481286981,,,87.1196014117004,23.9117782262275,12.9156135453229,39.6209836077699,60.3790163922301,23.4469149577628,10.8588790060464
"Yemen, Rep.",YEM,2024,MEA,"Middle East, North Africa, Afghanistan & Pakistan",LIC,Low income,missing_account_ownership,,,,3,5,,,,,,16.97,33.185,36.8077517596594,,,,,,
Zambia,ZMB,2024,SSF,Sub-Saharan Africa,LMC,Lower middle income,assigned,2,cluster_2,Cluster 2,8,0,3.5010573420752547,-0.03586973251330433,17.10099983,108.704779873813,1187.10943350064,5.898,61.902,45.4703838491279,7.70134427324914,2.50834626173463,72.7024245599811,27.297575440018903,5.289359776536699,23.152379080189398
Zimbabwe,ZWE,2024,SSF,Sub-Saharan Africa,LMC,Lower middle income,assigned,2,cluster_2,Cluster 2,8,0,2.9495221989716383,-0.05623214722658609,41.64279938,94.2451753366358,2496.15514995576,9.435,67.725,39.8933716820696,4.1381642554319,5.45993662203177,49.5216018025126,50.4783981974874,5.407318841883203,18.835142893771597
